release_n,incumbent_accuracy,candidate_accuracy,accuracy_gain_pp,accepted,scenario,repetition
2000,0.519,0.608,8.899999999999997,True,stable,0
2000,0.53,0.6005,7.050000000000001,True,stable,1
2000,0.55,0.6275,7.74999999999999,True,stable,2
2000,0.5115,0.6015,9.000000000000007,True,stable,3
2000,0.5335,0.6255,9.199999999999998,True,stable,4
2000,0.521,0.607,8.599999999999996,True,stable,5
2000,0.5345,0.6175,8.300000000000008,True,stable,6
2000,0.523,0.6105,8.750000000000002,True,stable,7
2000,0.5225,0.6205,9.800000000000008,True,stable,8
2000,0.521,0.6035,8.250000000000002,True,stable,9
2000,0.524,0.613,8.899999999999997,True,stable,10
2000,0.5215,0.602,8.05,True,stable,11
2000,0.5285,0.617,8.850000000000001,True,stable,12
2000,0.5255,0.6045,7.9000000000000075,True,stable,13
2000,0.5405,0.6035,6.300000000000006,True,stable,14
2000,0.545,0.6305,8.54999999999999,True,stable,15
2000,0.515,0.593,7.799999999999995,True,stable,16
2000,0.526,0.599,7.299999999999995,True,stable,17
2000,0.5305,0.6055,7.500000000000007,True,stable,18
2000,0.5195,0.611,9.150000000000002,True,stable,19
2000,0.534,0.609,7.499999999999996,True,stable,20
2000,0.5175,0.599,8.150000000000002,True,stable,21
2000,0.532,0.6035,7.15,True,stable,22
2000,0.522,0.6035,8.150000000000002,True,stable,23
2000,0.5285,0.6135,8.500000000000007,True,stable,24
2000,0.5235,0.6195,9.600000000000009,True,stable,25
2000,0.5385,0.607,6.8500000000000005,True,stable,26
2000,0.5505,0.6235,7.300000000000006,True,stable,27
2000,0.522,0.609,8.699999999999996,True,stable,28
2000,0.5245,0.6145,9.000000000000007,True,stable,29
2000,0.425,0.5665,14.150000000000002,True,confused_pair,0
2000,0.4385,0.585,14.649999999999997,True,confused_pair,1
2000,0.437,0.599,16.2,True,confused_pair,2
2000,0.448,0.5905,14.250000000000002,True,confused_pair,3
2000,0.446,0.5835,13.750000000000002,True,confused_pair,4
2000,0.426,0.5775,15.150000000000002,True,confused_pair,5
2000,0.4165,0.5835,16.700000000000003,True,confused_pair,6
2000,0.4415,0.584,14.249999999999996,True,confused_pair,7
2000,0.444,0.574,12.999999999999995,True,confused_pair,8
2000,0.4575,0.613,15.549999999999997,True,confused_pair,9
2000,0.4295,0.577,14.749999999999996,True,confused_pair,10
2000,0.4235,0.5895,16.600000000000005,True,confused_pair,11
2000,0.4155,0.589,17.349999999999998,True,confused_pair,12
2000,0.4425,0.5995,15.700000000000003,True,confused_pair,13
2000,0.4355,0.598,16.249999999999996,True,confused_pair,14
2000,0.45,0.5935,14.350000000000001,True,confused_pair,15
2000,0.4245,0.574,14.949999999999996,True,confused_pair,16
2000,0.432,0.5855,15.350000000000003,True,confused_pair,17
2000,0.4425,0.591,14.849999999999996,True,confused_pair,18
2000,0.4535,0.579,12.549999999999994,True,confused_pair,19
2000,0.434,0.579,14.499999999999996,True,confused_pair,20
2000,0.43,0.586,15.599999999999998,True,confused_pair,21
2000,0.4165,0.5735,15.700000000000003,True,confused_pair,22
2000,0.453,0.5985,14.550000000000002,True,confused_pair,23
2000,0.437,0.584,14.699999999999996,True,confused_pair,24
2000,0.4185,0.5785,16.000000000000004,True,confused_pair,25
2000,0.433,0.573,13.999999999999996,True,confused_pair,26
2000,0.446,0.587,14.099999999999996,True,confused_pair,27
2000,0.4305,0.583,15.249999999999996,True,confused_pair,28
2000,0.428,0.5765,14.850000000000001,True,confused_pair,29
2000,0.457,0.555,9.800000000000002,True,stale_priors,0
2000,0.449,0.5405,9.149999999999997,True,stale_priors,1
2000,0.4435,0.5585,11.5,True,stale_priors,2
2000,0.4255,0.57,14.449999999999996,True,stale_priors,3
2000,0.443,0.5665,12.35,True,stale_priors,4
2000,0.4345,0.555,12.050000000000004,True,stale_priors,5
2000,0.4425,0.563,12.049999999999994,True,stale_priors,6
2000,0.4475,0.576,12.849999999999994,True,stale_priors,7
2000,0.425,0.574,14.899999999999997,True,stale_priors,8
2000,0.4245,0.574,14.949999999999996,True,stale_priors,9
2000,0.46,0.5775,11.75,True,stale_priors,10
2000,0.44,0.578,13.799999999999995,True,stale_priors,11
2000,0.4325,0.552,11.950000000000005,True,stale_priors,12
2000,0.445,0.5515,10.649999999999999,True,stale_priors,13
2000,0.45,0.5685,11.85,True,stale_priors,14
2000,0.439,0.5735,13.450000000000001,True,stale_priors,15
2000,0.469,0.553,8.400000000000007,True,stale_priors,16
2000,0.433,0.569,13.599999999999996,True,stale_priors,17
2000,0.433,0.562,12.900000000000006,True,stale_priors,18
2000,0.42,0.5405,12.049999999999999,True,stale_priors,19
2000,0.443,0.5585,11.549999999999999,True,stale_priors,20
2000,0.438,0.552,11.400000000000004,True,stale_priors,21
2000,0.423,0.562,13.900000000000007,True,stale_priors,22
2000,0.4445,0.558,11.350000000000005,True,stale_priors,23
2000,0.4635,0.579,11.549999999999994,True,stale_priors,24
2000,0.453,0.566,11.299999999999994,True,stale_priors,25
2000,0.4755,0.5885,11.300000000000004,True,stale_priors,26
2000,0.446,0.561,11.500000000000005,True,stale_priors,27
2000,0.4475,0.558,11.050000000000004,True,stale_priors,28
2000,0.45,0.5655,11.549999999999999,True,stale_priors,29
2000,0.4545,0.5165,6.199999999999994,True,specialist_queues,0
2000,0.436,0.5275,9.149999999999997,True,specialist_queues,1
2000,0.437,0.5215,8.449999999999996,True,specialist_queues,2
2000,0.4535,0.547,9.350000000000003,True,specialist_queues,3
2000,0.4395,0.566,12.649999999999995,True,specialist_queues,4
2000,0.4385,0.531,9.250000000000004,True,specialist_queues,5
2000,0.4215,0.5205,9.899999999999999,True,specialist_queues,6
2000,0.4525,0.5345,8.199999999999996,True,specialist_queues,7
2000,0.436,0.516,8.000000000000002,True,specialist_queues,8
2000,0.4485,0.534,8.550000000000002,True,specialist_queues,9
2000,0.4335,0.529,9.550000000000002,True,specialist_queues,10
2000,0.427,0.526,9.900000000000004,True,specialist_queues,11
2000,0.433,0.5285,9.549999999999997,True,specialist_queues,12
2000,0.4275,0.527,9.950000000000003,True,specialist_queues,13
2000,0.4435,0.5245,8.099999999999996,True,specialist_queues,14
2000,0.441,0.511,7.000000000000001,True,specialist_queues,15
2000,0.441,0.541,10.000000000000004,True,specialist_queues,16
2000,0.4285,0.5255,9.699999999999998,True,specialist_queues,17
2000,0.433,0.5265,9.349999999999998,True,specialist_queues,18
2000,0.4365,0.531,9.450000000000003,True,specialist_queues,19
2000,0.429,0.5315,10.249999999999998,True,specialist_queues,20
2000,0.437,0.533,9.600000000000003,True,specialist_queues,21
2000,0.439,0.521,8.200000000000001,True,specialist_queues,22
2000,0.42,0.5255,10.549999999999999,True,specialist_queues,23
2000,0.4485,0.532,8.350000000000001,True,specialist_queues,24
2000,0.406,0.494,8.799999999999997,True,specialist_queues,25
2000,0.4335,0.523,8.950000000000003,True,specialist_queues,26
2000,0.4545,0.5465,9.199999999999998,True,specialist_queues,27
2000,0.4215,0.529,10.750000000000004,True,specialist_queues,28
2000,0.426,0.52,9.400000000000002,True,specialist_queues,29
