scenario,alpha,repetitions,move_share,nfr,operational_nfr,joint_nfr,joint_conditional_gain_pp,joint_conditional_gain_se,predicted_gain_pp,conditional_gain_pp,conditional_gain_se,realized_gain_pp,realized_gain_se,positive_realized_share,robust_lower_bound_pp,acceptance_rate,stress_pass
well_estimated,0,50,0,0,0.123477571421,0,0,0,7.75135887102,7.56409770084,0.0676617912284,7.535,0.173973992635,1,6.41365629137,1,True
well_estimated,0.25,50,0.0219333333333,0.0317658811534,0.12609410242,0.0313582841209,1.44743109627,0.0267787808885,4.08223593139,3.95369070105,0.0459930542857,3.97166666667,0.175086794155,1,3.06944844625,1,True
well_estimated,0.5,50,0.0382,0.066738232659,0.127274628633,0.0678076770685,0.497233310081,0.0124399437654,1.34749711525,1.28189993484,0.0247851070307,1.17,0.122496702718,0.92,0.733285052,1,True
well_estimated,0.75,50,0.05635,0.103253395862,0.129943799377,0.102753442398,0.0632836203793,0.00539940067628,0.229264979575,0.200351962465,0.0103543917344,0.258333333333,0.0574520405334,0.74,-0.0367964744625,1,True
well_estimated,1,50,0.0742333333333,0.134473867648,0.134473867648,0.134473867648,0,0,0,0,0,0,0,0,0,1,True
small_history,0,50,0,0,0.133866055385,0,0,0,8.52793462902,6.83575611963,0.0881430170301,6.715,0.184644200357,1,3.9887414436,1,True
small_history,0.25,50,0.0231333333333,0.033595957268,0.136363906521,0.0366157421643,1.32631643861,0.0384292566535,4.50157633221,3.33999413466,0.0680039833984,3.29333333333,0.154912747002,1,1.11523198515,1,True
small_history,0.5,50,0.0411166666667,0.0750156106985,0.139556440045,0.0765086650212,0.363788923952,0.0232749956275,1.47775074038,0.899797545113,0.0607260111686,0.901666666667,0.135916515993,0.82,-0.519612571383,1,True
small_history,0.75,50,0.0610833333333,0.113380060614,0.143996160872,0.113578521213,0.0104359462426,0.0149652624254,0.243998068892,0.032819411748,0.0325898562188,0.005,0.0889409215623,0.5,-0.62088004321,1,True
small_history,1,50,0.0788,0.148559261205,0.148559261205,0.148559261205,0,0,0,0,0,0,0,0,0,1,True
weak_innovation,0,44,0,0,0.0801359159636,0,0,0,1.39801975535,0.99787074852,0.0199574788768,1.14962121212,0.148488477667,0.840909090909,0.323438761433,0.88,True
weak_innovation,0.25,44,0.0127272727273,0.0192990745185,0.0808567666527,0.0200150708955,0.11104741661,0.00818757170337,0.79659030554,0.495948663703,0.0181939017366,0.564393939394,0.108066145967,0.75,-0.0173584483399,0.88,True
weak_innovation,0.5,44,0.0189393939394,0.0400410701441,0.0810988063993,0.0407113808756,0.0327787380114,0.00626469767122,0.334644119595,0.15387428644,0.0140084373206,0.183712121212,0.103652874727,0.613636363636,-0.198755857247,0.88,True
weak_innovation,0.75,44,0.0250568181818,0.0612320434923,0.0814181656663,0.0614687578399,-0.0140977505256,0.00583804044168,0.0791901651637,-0.000188120011818,0.00895259059699,0.032196969697,0.0658231469253,0.590909090909,-0.176321578516,0.88,True
weak_innovation,1,44,0.0301515151515,0.0832420901079,0.0832420901079,0.0832420901079,0,0,0,0,0,0,0,0,0,0.88,True
overconfident,0,50,0,0,0.124001249212,0,0,0,13.297468534,7.20955487781,0.0730558320349,7.26833333333,0.18194106469,1,6.19198146459,1,True
overconfident,0.25,50,0.0308333333333,0.0521561640822,0.125286575002,0.0582480659418,1.31352085727,0.0276209830263,4.86667765447,2.31867942026,0.0434447409033,2.44833333333,0.125985682878,1,1.59034093976,1,True
overconfident,0.5,50,0.0541833333333,0.0942341245772,0.128741355628,0.095366922626,0.151344895284,0.00991267605953,0.906277039718,0.348204234623,0.0174893871383,0.418333333333,0.0861921204789,0.68,-0.131418103506,1,True
overconfident,0.75,50,0.0677666666667,0.11902023512,0.130842964387,0.1191375535,0.00280818147535,0.00481144376276,0.106230075983,0.0321261520914,0.00890801891152,0.0833333333333,0.0529193113593,0.54,-0.214537302587,1,True
overconfident,1,50,0.07575,0.133489740744,0.133489740744,0.133489740744,0,0,0,0,0,0,0,0,0,1,True
underconfident,0,50,0,0,0.122689982655,0,0,0,3.59685262596,7.41181167603,0.0760351134181,7.41166666667,0.172572407492,1,-1.59916957243,1,True
underconfident,0.25,50,0.0161666666667,0.0153343060963,0.124162724625,0.0120737878598,1.04960405099,0.0227025274188,2.59462263478,5.43567667773,0.0652556463509,5.41166666667,0.167994877635,1,-1.55422963494,1,True
underconfident,0.5,50,0.02765,0.0379797971411,0.125361888717,0.0350972105935,0.835869256963,0.0207528356764,1.41654747007,3.03007772993,0.048789975116,2.95333333333,0.137852002536,1,-1.40953147912,1,True
underconfident,0.75,50,0.04395,0.0760228321802,0.127275766639,0.0732942189106,0.279794401894,0.0132801067999,0.400906442563,0.866100585498,0.0337971182139,0.86,0.12248466978,0.84,-0.974361441367,1,True
underconfident,1,50,0.0745166666667,0.133708863823,0.133708863823,0.133708863823,0,0,0,0,0,0,0,0,0,1,True
