scenario,regime,cost_pp,cost_se,update_pp,kept_share
confused_pair,large_stable,4.97159947188,0.274000286534,15.4529764895,0.678275607597
confused_pair,medium_stable,5.14473282817,0.275288104427,15.6607717287,0.671489188574
confused_pair,medium_volatile,5.44837580005,0.550822236137,15.5245442363,0.649047616656
confused_pair,small_volatile,6.1161151259,0.445696845914,15.6846692449,0.610057755735
specialist_queues,large_stable,0.33775604016,0.030550320127,9.02347101202,0.962569166598
specialist_queues,medium_stable,0.819372867371,0.0500727475684,8.86078233096,0.907528157586
specialist_queues,medium_volatile,2.05876884415,0.158938479848,9.15379067636,0.775091116135
specialist_queues,small_volatile,3.12265433234,0.229126120543,9.83375820971,0.682455652686
stable,large_stable,0.505583536179,0.0360427261799,8.12243897276,0.937754714086
stable,medium_stable,0.697943842106,0.0636934807334,8.15109607979,0.914374234425
stable,medium_volatile,1.24113937534,0.111288288742,8.15620924555,0.847828894775
stable,small_volatile,2.06090749161,0.243428891879,8.57793372758,0.759743131964
stale_priors,large_stable,4.71086224234,0.115784043353,12.1269330123,0.611537209157
stale_priors,medium_stable,4.90517800589,0.137056642044,12.2153774318,0.598442370423
stale_priors,medium_volatile,5.1418384884,0.409692848763,11.7424588972,0.562115692
stale_priors,small_volatile,6.45041149759,0.3799423982,12.6990143288,0.492054160224
