scenario,regime,alpha,raw_move_share,baseline_move_share,offsets_move_share,baseline_nfr,operational_nfr,joint_nfr,offsets_nfr,baseline_true_value,operational_true_value,joint_true_value,offsets_true_value,operational_true_gain_pp,joint_true_gain_pp,offsets_true_gain_pp,operational_realized_gain_pp,joint_realized_gain_pp,offsets_overshoot_pp,offsets_over_budget,offsets_suboptimality_pp,raw_move_share_se,baseline_move_share_se,offsets_move_share_se,baseline_nfr_se,operational_nfr_se,joint_nfr_se,offsets_nfr_se,baseline_true_value_se,operational_true_value_se,joint_true_value_se,offsets_true_value_se,operational_true_gain_pp_se,joint_true_gain_pp_se,offsets_true_gain_pp_se,operational_realized_gain_pp_se,joint_realized_gain_pp_se,offsets_overshoot_pp_se,offsets_over_budget_se,offsets_suboptimality_pp_se,pairs,acceptance_rate
stable,large_stable,0,0.074275,0,0.0211583333333,0,0.123943735417,,0.124884598237,0.526801289238,0.602969843604,,0.603242333809,7.61685543658,,7.64410445714,7.7625,,2.11583333333,1,0.26157858564,0.00277163252237,0,0.0011856107678,0,0.00136314108282,,0.00137068642739,0.000763163512409,0.000750184913293,,0.000849894688441,0.070427569136,,0.0805995168048,0.124906574282,,0.11856107678,0,0.041398189269,30,1
stable,large_stable,0.25,0.074275,0.0129583333333,0.0246166666667,0.0302444716253,0.125261652174,,0.126107162215,0.566087898993,0.60506629306,,0.605241763582,3.89783940664,,3.91538645883,4.01,,1.16583333333,0.95,0.105792594753,0.00277163252237,0.000838382690899,0.00122496383558,0.000646253670433,0.0013806284174,,0.00131953513863,0.000804391302905,0.000687951234451,,0.000741243293518,0.0444446749883,,0.051200457721,0.100463008575,,0.104740259837,0.0278543007266,0.0144601324566,30,1
stable,large_stable,0.5,0.074275,0.0322166666667,0.0394666666667,0.0666517686331,0.127667824776,,0.128452438803,0.594471766499,0.606910441345,,0.607089207011,1.24386748463,,1.26174405122,1.21666666667,,0.725,0.766666666667,0.0265433393322,0.00277163252237,0.00173440230079,0.00179569781738,0.00102716109069,0.00134360994951,,0.00129865889956,0.000767474524841,0.000668801938619,,0.000660200654863,0.0289265300835,,0.031551947011,0.0743683490539,,0.136025268106,0.0574022574215,0.00459523384665,30,1
stable,large_stable,0.75,0.074275,0.0549166666667,0.0575833333333,0.104163448744,0.131363449536,,0.131677076357,0.60600036469,0.608021953918,,0.60803390343,0.202158922782,,0.203353873941,0.243333333333,,0.266666666667,0.716666666667,-0.000247894268152,0.00277163252237,0.00246633463127,0.00241636938322,0.00122937531814,0.00140306507788,,0.00140975572647,0.000652607645248,0.00064551773473,,0.000651500280053,0.0138972494874,,0.0151898795735,0.0589288160749,,0.0871180772686,0.070642915115,0.00219021365537,30,1
stable,large_stable,1,0.074275,0.074275,0.074275,0.135766895102,0.135766895102,,0.135766895102,0.608025678965,0.608025678965,,0.608025678965,0,,0,0,,0,0,0,0.00277163252237,0.00277163252237,0.00277163252237,0.00147910362503,0.00147910362503,,0.00147910362503,0.000631711153869,0.000631711153869,,0.000631711153869,0,,0,0,,0,0,0,30,1
stable,medium_stable,0,0.0800277777778,0,0.0404444444444,0,0.125963966926,0,0.125335507535,0.526798938328,0.601330460705,0.526798938328,0.603516728623,7.45315223768,0,7.67177902944,7.21944444444,0,4.04444444444,1,0.320616480241,0.00366075876653,0,0.00161398211626,0,0.00296108753704,0,0.0028618938026,0.00132873106165,0.00100482370292,0.00132873106165,0.00100338838262,0.11569538065,0,0.10225536994,0.293786313571,0,0.161398211626,0,0.0404937224791,30,1
stable,medium_stable,0.25,0.0800277777778,0.0230833333333,0.0411666666667,0.0295247350553,0.127411314223,0.0297183251386,0.125832678242,0.565653462899,0.605323086275,0.580210062401,0.605352832767,3.96696233763,1.45565995023,3.96993698676,3.76944444444,1.46388888889,1.80833333333,0.85,0.163592984095,0.00366075876653,0.000959883387447,0.00170108146804,0.00101813644929,0.00283620729436,0.00122225847566,0.00272830749657,0.00125197601906,0.000956759537133,0.00118565204284,0.00093796526717,0.0631886126916,0.0422836427762,0.0644401488993,0.24554404803,0.12416279876,0.158070966328,0.0390254853365,0.0196566294278,30,1
stable,medium_stable,0.5,0.0800277777778,0.0408888888889,0.052,0.0657243441349,0.130231247905,0.0649959045815,0.12959607995,0.594139376745,0.607125790681,0.599010440811,0.607380792166,1.2986413936,0.487106406669,1.32414154217,1.03611111111,0.491666666667,1.11111111111,0.75,0.0372276520786,0.00366075876653,0.00207033621404,0.00229337710463,0.00158939724645,0.00239654922231,0.00153275503225,0.00250001320806,0.00118544846325,0.00092105746328,0.00109159949789,0.000910743321944,0.0455123519059,0.0200267426699,0.0508692996415,0.162234326164,0.111327614738,0.134331354228,0.0317135164628,0.00991190883346,30,1
stable,medium_stable,0.75,0.0800277777778,0.0621388888889,0.0672222222222,0.105989410159,0.132688827661,0.10617004972,0.133312306995,0.606310904123,0.608118031748,0.606866427223,0.608309625495,0.180712762536,0.0555523100113,0.199872137236,0.158333333333,-0.00833333333333,0.508333333333,0.566666666667,0.00393355164906,0.00366075876653,0.00303520302924,0.00308234511795,0.00210310102418,0.00238186710088,0.001982501749,0.00234120517493,0.000934626536791,0.000898070118189,0.000930770447973,0.000914355422256,0.0169817665558,0.00908642702395,0.0181475122886,0.110896584089,0.0767879683397,0.121804624456,0.052156557722,0.00419702261992,30,1
stable,medium_stable,1,0.0800277777778,0.0800277777778,0.0800277777778,0.137377383396,0.137377383396,0.137377383396,0.137377383396,0.608309899126,0.608309899126,0.608309899126,0.608309899126,0,0,0,0,0,0,0,0,0.00366075876653,0.00366075876653,0.00366075876653,0.00252281426857,0.00252281426857,0.00252281426857,0.00252281426857,0.000892805747608,0.000892805747608,0.000892805747608,0.000892805747608,0,0,0,0,0,0,0,0,30,1
stable,medium_volatile,0,0.0818611111111,0,0.0416388888889,0,0.132929603945,0,0.128620720125,0.527919052878,0.59706975158,0.527919052878,0.605098854223,6.91506987021,0,7.71798013445,6.925,0,4.16388888889,1,-0.00502044417099,0.003731207346,0,0.00156922191824,0,0.00258577947871,0,0.00292100843477,0.00442946698872,0.00442561386616,0.00442946698872,0.0047400818187,0.10787632347,0,0.134359759531,0.234287526248,0,0.156922191824,0,0.0912897159246,30,1
stable,medium_volatile,0.25,0.0818611111111,0.0236666666667,0.0446111111111,0.0318263907797,0.133013161612,0.0318960366808,0.130279585083,0.566339157408,0.602333719004,0.580114212861,0.606962108533,3.59945615968,1.37750554536,4.06229511257,3.62777777778,1.45833333333,2.09444444444,0.866666666667,-0.123681389945,0.003731207346,0.00098973015144,0.00191107101446,0.00127454849029,0.00270821714357,0.00118302063914,0.00277684775929,0.00444092559858,0.00426456567825,0.00443551587631,0.0045929353979,0.0807299692331,0.0456649060659,0.0956762227352,0.198643762555,0.102705265919,0.17719312388,0.0311035842017,0.0649710326243,30,1
stable,medium_volatile,0.5,0.0818611111111,0.0449166666667,0.0545277777778,0.0694775304483,0.134918538284,0.0706929127832,0.132144812294,0.595357014534,0.605654925737,0.599311454957,0.608873373771,1.02979112028,0.395444042266,1.3516359237,1.025,0.311111111111,0.961111111111,0.675,-0.150505230101,0.003731207346,0.00198989705607,0.00255172647504,0.00168606051519,0.00265673582055,0.00181682985723,0.00282430848489,0.00425432603075,0.00402250421509,0.004153681698,0.00423801426342,0.0710214247024,0.037096826916,0.053385599516,0.159578687797,0.106083575493,0.140511593385,0.0400251357806,0.0397682059037,30,1
stable,medium_volatile,0.75,0.0818611111111,0.0654166666667,0.06875,0.107870588525,0.137852025699,0.107829051442,0.136640585084,0.607536243697,0.608325521014,0.607444402946,0.609635553947,0.0789277317551,-0.00918407502154,0.209931025002,0.0916666666667,-0.00833333333333,0.333333333333,0.575,-0.0746450040017,0.003731207346,0.00298456812136,0.00321453783803,0.00220449338225,0.00252911402796,0.0022512900337,0.00272846190104,0.00398635271586,0.00385261165942,0.00392586688757,0.00395640754154,0.0381370983641,0.0237372048147,0.0322310287247,0.110029457335,0.0494784419689,0.106613971658,0.0564133961428,0.0191801060862,30,1
stable,medium_volatile,1,0.0818611111111,0.0818611111111,0.0818611111111,0.140719637299,0.140719637299,0.140719637299,0.140719637299,0.609481145334,0.609481145334,0.609481145334,0.609481145334,0,0,0,0,0,0,0,0,0.003731207346,0.003731207346,0.003731207346,0.00264461655378,0.00264461655378,0.00264461655378,0.00264461655378,0.00365931238481,0.00365931238481,0.00365931238481,0.00365931238481,0,0,0,0,0,0,0,0,30,1
stable,small_volatile,0,0.102166666667,0,0.0703333333333,0,0.137838066304,0,0.131316536952,0.522288400199,0.587458662559,0.522288400199,0.603832303868,6.51702623597,0,8.15439036689,6.75,0,7.03333333333,1,-0.0536960494809,0.00363715922157,0,0.00276402726891,0,0.00365904475355,0,0.00460319732904,0.00535658551379,0.00537662272282,0.00535658551379,0.00510084246255,0.154647874337,0,0.173225195124,0.397549967943,0,0.276402726891,0,0.104425786293,30,1
stable,small_volatile,0.25,0.102166666667,0.0403333333333,0.07325,0.0302589289232,0.133050834271,0.0335703760465,0.130452936506,0.565062877816,0.598642462667,0.575176722389,0.605045927886,3.35795848512,1.01138445726,3.99830500697,3.65833333333,0.741666666667,3.29166666667,0.808333333333,-0.0733233671458,0.00363715922157,0.00149103322452,0.00271265128822,0.00196335307335,0.00399911585642,0.00221900151097,0.00454291014558,0.00556051913345,0.00502851776416,0.00537970261678,0.00487252897018,0.119414314367,0.0718157745106,0.184120313988,0.336369078674,0.14849984197,0.32454285562,0.0353214575575,0.0750359365884,30,1
stable,small_volatile,0.5,0.102166666667,0.0648333333333,0.0809166666667,0.0660276467821,0.134184621314,0.0668157922094,0.133127407446,0.593916972774,0.603591063484,0.596622445459,0.607403611164,0.967409071078,0.270547268545,1.34866383901,1.24166666667,0.183333333333,1.60833333333,0.625,-0.144451681087,0.00363715922157,0.00195102880808,0.00294217092158,0.00285934643016,0.00400714921402,0.00273485932463,0.0043005718873,0.004804451039,0.00477242108374,0.00484657221362,0.00472931810595,0.0729141195407,0.0583723098442,0.0892743201059,0.236255308684,0.199832305175,0.18940444067,0.0410879348569,0.0536516517395,30,1
stable,small_volatile,0.75,0.102166666667,0.0849166666667,0.0915833333333,0.10473409597,0.136231968374,0.105716380395,0.136566045952,0.605877055338,0.606489893711,0.60565884066,0.60813071767,0.0612838373151,-0.0218214678435,0.225366233206,0.2,-0.0416666666667,0.666666666667,0.558333333333,-0.0822631304258,0.00363715922157,0.00316564563092,0.00319501077772,0.00330108952115,0.00405043631994,0.00336119773395,0.00431641493125,0.00465825651989,0.00461385324024,0.00465336754103,0.00456091604908,0.0490709568083,0.0438680796605,0.0546596567732,0.184297360918,0.108598261383,0.154125887741,0.0409712075334,0.0268387010279,30,1
stable,small_volatile,1,0.102166666667,0.102166666667,0.102166666667,0.139865683178,0.139865683178,0.139865683178,0.139865683178,0.608067737475,0.608067737475,0.608067737475,0.608067737475,0,0,0,0,0,0,0,0,0.00363715922157,0.00363715922157,0.00363715922157,0.00422150046741,0.00422150046741,0.00422150046741,0.00422150046741,0.00448847036196,0.00448847036196,0.00448847036196,0.00448847036196,0,0,0,0,0,0,0,0,30,1
confused_pair,large_stable,0,0.231533333333,0,0.0205,0,0.135841447043,,0.136570260196,0.435120571295,0.53993434147,,0.542566058956,10.4813770176,,10.7445487662,10.2316666667,,2.05,1,0.700136783458,0.00698706453965,0,0.00159925449586,0,0.0020890293669,,0.00207358056033,0.000953775073444,0.00268226427294,,0.00254127494204,0.260028225835,,0.25949223152,0.325893848924,,0.159925449586,0,0.0661888919561,30,1
confused_pair,large_stable,0.25,0.231533333333,0.069925,0.0773916666667,0.0542062927481,0.139618432168,,0.140171839248,0.530459870256,0.568471774403,,0.568471410762,3.80119041468,,3.80115405063,3.62666666667,,0.746666666667,0.816666666667,0.210879705495,0.00698706453965,0.00344186426195,0.0034658573464,0.00113695273145,0.00205291766699,,0.00199401585084,0.00100255399662,0.00111753565034,,0.00121225147883,0.0778048614221,,0.0937077860588,0.133503483388,,0.133200724286,0.0561368060738,0.0199899781427,30,1
confused_pair,large_stable,0.5,0.231533333333,0.156566666667,0.158033333333,0.11150141126,0.159286427229,,0.159061533901,0.577652556158,0.585691635639,,0.585564327028,0.803907948039,,0.791177086942,0.659166666667,,0.146666666667,0.55,0.0244813496557,0.00698706453965,0.00541647568187,0.0056736147397,0.00141890253898,0.00167497623303,,0.00189695191128,0.000764543508352,0.000666412062229,,0.000707301242177,0.0271405224196,,0.0272826326362,0.0855550113184,,0.146018683526,0.0807650203104,0.00748491743827,30,1
confused_pair,large_stable,0.75,0.231533333333,0.204208333333,0.205816666667,0.155226413345,0.174684500374,,0.175157710786,0.588487541853,0.589286082355,,0.589299711424,0.0798540501041,,0.0812169570992,0.0416666666667,,0.160833333333,0.583333333333,-0.000201841363779,0.00698706453965,0.00640097068938,0.00658011997818,0.00193458904651,0.00189358088754,,0.00201183837163,0.000703265807706,0.000671737729193,,0.000670149299451,0.0104928150886,,0.0101848991167,0.04151120423,,0.0929843897829,0.0798105995515,0.00110135040707,30,1
confused_pair,large_stable,1,0.231533333333,0.231533333333,0.231533333333,0.186487339795,0.186487339795,,0.186487339795,0.589650336189,0.589650336189,,0.589650336189,0,,0,0,,0,0,0,0.00698706453965,0.00698706453965,0.00698706453965,0.00209355094763,0.00209355094763,,0.00209355094763,0.000693224208162,0.000693224208162,,0.000693224208162,0,,0,0,,0,0,0,30,1
confused_pair,medium_stable,0,0.236333333333,0,0.0398333333333,0,0.136015719773,0,0.135813971211,0.432518452522,0.537678841528,0.432518452522,0.541749407596,10.5160389006,0,10.9230955074,10.4611111111,0,3.98333333333,1,1.30774981136,0.00639953302894,0,0.00182547952027,0,0.0038485639723,0,0.00381423630371,0.00142084800068,0.00310611989919,0.00142084800068,0.00294744790848,0.302961552502,0,0.295949432166,0.374147249522,0,0.182547952027,0,0.108652691532,30,1
confused_pair,medium_stable,0.25,0.236333333333,0.0726944444444,0.0833055555556,0.0524536297777,0.141091068887,0.0548045679473,0.139148341668,0.528790969947,0.567672981536,0.551220866544,0.567391654859,3.88820115894,2.24298965972,3.86006849122,3.60833333333,2.05277777778,1.06111111111,0.675,0.333233580068,0.00639953302894,0.00359479440698,0.00399162663922,0.00182087138921,0.00404950319784,0.00186481413659,0.00371950949586,0.00166734246318,0.0016044318057,0.00156805776119,0.00180572086009,0.102210148345,0.0661862709083,0.118952866455,0.180470065231,0.117476889207,0.208263717615,0.0510662179987,0.0296902380935,30,1
confused_pair,medium_stable,0.5,0.236333333333,0.160138888889,0.165638888889,0.111170696649,0.160143494181,0.110412635141,0.160169672793,0.577085886507,0.584909880688,0.581365686405,0.584997184157,0.782399418146,0.427979989815,0.791129765057,0.661111111111,0.416666666667,0.55,0.533333333333,0.0686685724827,0.00639953302894,0.00514680450735,0.00575379314797,0.0027726876293,0.00364875628688,0.00296486103516,0.0035412641944,0.00132938388663,0.00126221829347,0.00129119181525,0.00124571507531,0.0336792837818,0.0225345252944,0.0335006255154,0.116072194619,0.112017376868,0.171323821612,0.0475450985746,0.0103426672948,30,1
confused_pair,medium_stable,0.75,0.236333333333,0.208583333333,0.212,0.155689489968,0.175615692066,0.155259979227,0.177012414586,0.588011116841,0.588744606811,0.588265439897,0.588830915987,0.0733489970243,0.0254323055604,0.0819799145368,-0.00277777777778,0.0416666666667,0.341666666667,0.616666666667,0.00598704340929,0.00639953302894,0.00599970066303,0.00587350698401,0.00307532969144,0.00340702681854,0.00317916523909,0.0034218528081,0.00120047000731,0.00115041982614,0.00118307318615,0.00116199499189,0.0137112893275,0.00861505261204,0.0150719929179,0.0960160538053,0.0889621943898,0.0877516450745,0.0475450985746,0.00369589235938,30,1
confused_pair,medium_stable,1,0.236333333333,0.236333333333,0.236333333333,0.186349946843,0.186349946843,0.186349946843,0.186349946843,0.589126169809,0.589126169809,0.589126169809,0.589126169809,0,0,0,0,0,0,0,0,0.00639953302894,0.00639953302894,0.00639953302894,0.00307473671608,0.00307473671608,0.00307473671608,0.00307473671608,0.00113149740518,0.00113149740518,0.00113149740518,0.00113149740518,0,0,0,0,0,0,0,0,30,1
confused_pair,medium_volatile,0,0.232027777778,0,0.0442222222222,0,0.139213762782,0,0.134811799797,0.434505855181,0.535267539543,0.434505855181,0.542198554322,10.0761684362,0,10.7692699141,10.0416666667,0,4.42222222222,1,0.988218914681,0.00758515759849,0,0.00201008525729,0,0.00434612425911,0,0.0043531531748,0.0048552587739,0.00663687606658,0.0048552587739,0.005680912624,0.306276278118,0,0.276884503574,0.338059172086,0,0.201008525729,0,0.0936654750443,30,1
confused_pair,medium_volatile,0.25,0.232027777778,0.0721111111111,0.0841111111111,0.0513333391697,0.140751528817,0.0551904638344,0.138998356154,0.531444278288,0.566890477978,0.551172789103,0.56808934868,3.54461996896,1.97285108154,3.66450703921,3.45555555556,1.86111111111,1.2,0.758333333333,0.209506097953,0.00758515759849,0.00437719719199,0.00506155174701,0.00198428061437,0.00417299632385,0.00235190355126,0.00433967662972,0.00457065243581,0.00470993757992,0.00452322245525,0.00473394503277,0.0916385003951,0.0608531433697,0.124639287597,0.161348747984,0.123818382769,0.230898627638,0.0388101282353,0.0522173763828,30,1
confused_pair,medium_volatile,0.5,0.232027777778,0.157527777778,0.160611111111,0.111411333839,0.161038611284,0.111628869386,0.159000965475,0.577563505827,0.585121646858,0.581655335803,0.586104532072,0.755814103084,0.409182997623,0.85410262453,0.616666666667,0.438888888889,0.308333333333,0.541666666667,-0.0331779728113,0.00758515759849,0.0068095890776,0.00723774488656,0.00307310507971,0.00380888959278,0.00282332002975,0.00367556352396,0.00417968345105,0.0041069468829,0.00410356793665,0.00413670949384,0.0449823707051,0.0342555424349,0.0487250316053,0.104313115444,0.0888888888889,0.162060388757,0.0480710282269,0.0293612180066,30,1
confused_pair,medium_volatile,0.75,0.232027777778,0.205777777778,0.207305555556,0.154357824665,0.175474638007,0.154347888742,0.174465231212,0.588828163389,0.589179148773,0.588852058705,0.589713818348,0.0350985384362,0.00238953165184,0.088565495889,-0.05,-0.0277777777778,0.152777777778,0.491666666667,-0.0365526827967,0.00758515759849,0.00732108142905,0.00746529682346,0.00331546140189,0.00330871610379,0.00324328033575,0.00348288964173,0.00391925614805,0.00389584446414,0.00390872664677,0.00391390964962,0.0240327144074,0.0253270571964,0.0285088041623,0.0832950103452,0.07128779535,0.10913594032,0.0471658441909,0.015125296636,30,1
confused_pair,medium_volatile,1,0.232027777778,0.232027777778,0.232027777778,0.185114714787,0.185114714787,0.185114714787,0.185114714787,0.589751297544,0.589751297544,0.589751297544,0.589751297544,0,0,0,0,0,0,0,0,0.00758515759849,0.00758515759849,0.00758515759849,0.00333502214593,0.00333502214593,0.00333502214593,0.00333502214593,0.00372609757661,0.00372609757661,0.00372609757661,0.00372609757661,0,0,0,0,0,0,0,0,30,1
confused_pair,small_volatile,0,0.24075,0,0.0725,0,0.148049844011,0,0.140002436682,0.430826397143,0.526511938332,0.430826397143,0.538449145382,9.56855411898,0,10.762274824,9.40833333333,0,7.25,1,1.47272961172,0.0086703269238,0,0.00281110278193,0,0.0053762381761,0,0.00516589346005,0.00511863343506,0.00608851440593,0.00511863343506,0.00574121972714,0.265659165021,0,0.386558268637,0.485491120776,0,0.281110278193,0,0.196679440308,30,1
confused_pair,small_volatile,0.25,0.24075,0.0798333333333,0.106333333333,0.0522669658773,0.147094627698,0.053720422866,0.143369489772,0.524107860241,0.560702828687,0.543477584601,0.564436078952,3.65949684459,1.936972436,4.0328218711,3.44166666667,2.04166666667,2.65,0.725,0.388581025308,0.0086703269238,0.0041226409718,0.00421193796915,0.00307297790933,0.0049829708247,0.00325115265216,0.00477912560443,0.00441505916276,0.00468607634213,0.00420065515244,0.00483294864245,0.150014087182,0.111474629908,0.207148956243,0.425765593955,0.241547731336,0.334895763505,0.0421239277295,0.107791090581,30,1
confused_pair,small_volatile,0.5,0.24075,0.1695,0.176333333333,0.108770485974,0.163655078065,0.109633843315,0.162956220546,0.573979334085,0.581314594586,0.577090375954,0.582218849547,0.733526050104,0.311104186891,0.823951546218,0.533333333333,0.258333333333,0.683333333333,0.5,0.051110076551,0.0086703269238,0.00755763296886,0.00761004830793,0.00459937006654,0.00444763317673,0.00452108377441,0.00408741560346,0.0040405394919,0.0039760970999,0.00393718233788,0.00414685969552,0.0647966421661,0.0568246054904,0.0846725220244,0.257009026781,0.236559187186,0.327155393263,0.0508547627716,0.054096324921,30,1
confused_pair,small_volatile,0.75,0.24075,0.21475,0.218,0.156225854415,0.175866325735,0.153204485033,0.176733384025,0.585690633992,0.586093799728,0.586007659537,0.587098378158,0.0403165736771,0.0317025545345,0.140774416601,0.025,0.116666666667,0.325,0.466666666667,-0.0489603292614,0.0086703269238,0.00814413088157,0.00823540157372,0.00463185780142,0.00540396810933,0.0044215282972,0.00503652244132,0.00380204717436,0.00383897052362,0.0037448150273,0.0037966314365,0.0416113811475,0.0268933665935,0.0482467105895,0.128177992265,0.124990421089,0.174177046933,0.0518803515912,0.0183903031149,30,1
confused_pair,small_volatile,1,0.24075,0.24075,0.24075,0.184504025756,0.184504025756,0.184504025756,0.184504025756,0.587673089591,0.587673089591,0.587673089591,0.587673089591,0,0,0,0,0,0,0,0,0.0086703269238,0.0086703269238,0.0086703269238,0.00563588478764,0.00563588478764,0.00563588478764,0.00563588478764,0.00378512843792,0.00378512843792,0.00378512843792,0.00378512843792,0,0,0,0,0,0,0,0,30,1
stale_priors,large_stable,0,0.229933333333,0,0.0213833333333,0,0.15737274308,,0.157878168849,0.445237182119,0.519397889819,,0.52044093698,7.41607077,,7.52037548609,7.41583333333,,2.13833333333,1,0.866603962578,0.00364133622478,0,0.0012513632413,0,0.00208138164816,,0.0021018332308,0.000919685407619,0.00120420295797,,0.00139258450525,0.0673811465329,,0.0963004648151,0.156779199618,,0.12513632413,0,0.0771339043428,30,1
stale_priors,large_stable,0.25,0.229933333333,0.05535,0.0656583333333,0.0374102264566,0.153814664554,,0.154147954149,0.496590272437,0.540958389681,,0.541570798418,4.43681172438,,4.49805259814,4.55583333333,,1.03083333333,0.85,0.23631520166,0.00364133622478,0.00119003284027,0.0015961287278,0.000926204273409,0.00230551392012,,0.00243065368605,0.000831165903372,0.000779718597049,,0.000975859833264,0.040245599286,,0.0578157164264,0.124202532813,,0.165812538406,0.04883705019,0.0335552554228,30,1
stale_priors,large_stable,0.5,0.229933333333,0.127075,0.133683333333,0.0896321072196,0.159648085188,,0.160018811668,0.542478470359,0.558011889078,,0.558124892562,1.55334187191,,1.56464222026,1.755,,0.660833333333,0.666666666667,0.0970348013478,0.00364133622478,0.00193021758943,0.00258890574378,0.00181989405982,0.00243288498629,,0.0025247593928,0.000718106564244,0.000570156634301,,0.000649681183596,0.0330759548075,,0.0404670358101,0.0949621824304,,0.195853875176,0.0692045665448,0.011856607313,30,1
stale_priors,large_stable,0.75,0.229933333333,0.188991666667,0.19265,0.145451157559,0.177443966886,,0.177795594888,0.563291105863,0.565467786588,,0.565437391882,0.217668072453,,0.214628601894,0.3,,0.365833333333,0.716666666667,0.0278575295284,0.00364133622478,0.00298156412255,0.00311509579934,0.00230604654546,0.00264462671624,,0.0024937077488,0.000590855504224,0.000549028099628,,0.000556306541872,0.0148019296646,,0.0165504729262,0.0487634449482,,0.0829717731165,0.0571514087744,0.00412830904343,30,1
stale_priors,large_stable,1,0.229933333333,0.229933333333,0.229933333333,0.195333743753,0.195333743753,,0.195333743753,0.566506512243,0.566506512243,,0.566506512243,0,,0,0,,0,0,0,0.00364133622478,0.00364133622478,0.00364133622478,0.00272298137515,0.00272298137515,,0.00272298137515,0.000552501515477,0.000552501515477,,0.000552501515477,0,,0,0,,0,0,0,30,1
stale_priors,medium_stable,0,0.239166666667,0,0.0445833333333,0,0.159309692098,0,0.159766837401,0.443384822398,0.516486816657,0.443384822398,0.518290799273,7.31019942589,0,7.4905976875,7.34166666667,0,4.45833333333,1,1.61761153144,0.00434833830066,0,0.00183696522874,0,0.0035868996683,0,0.00328162941894,0.00162076459411,0.00181004267421,0.00162076459411,0.00199736019572,0.091712198939,0,0.132306708635,0.222904245545,0,0.183696522874,0,0.0852691855395,30,1
stale_priors,medium_stable,0.25,0.239166666667,0.0606666666667,0.0811666666667,0.0373658350858,0.156812497447,0.0372346329916,0.158038310739,0.494617276818,0.539994587371,0.513896172347,0.540735887507,4.53773105534,1.92788955291,4.61186106891,4.51388888889,2.04444444444,2.05,0.808333333333,0.502371418343,0.00434833830066,0.00155999639781,0.00182949790375,0.00157927827831,0.002846417865,0.00165620967295,0.00290833330046,0.00147906476118,0.00150416888328,0.00152697786457,0.00145342974677,0.0608969946807,0.0443602557191,0.0938826702299,0.188217903346,0.123521481561,0.179736574661,0.0372999132024,0.035941196054,30,1
stale_priors,medium_stable,0.5,0.239166666667,0.134972222222,0.143583333333,0.0893240606756,0.165794301057,0.0918864735448,0.166426667914,0.541121820952,0.557266181756,0.54908878034,0.556997436897,1.61443608041,0.796695938837,1.58756159447,1.54166666667,0.641666666667,0.861111111111,0.591666666667,0.174166798375,0.00434833830066,0.00298315923777,0.00271612128132,0.00262988618746,0.00311694009359,0.00248560325845,0.00298283230893,0.00119828996759,0.00117013459321,0.00115200904299,0.00118796591346,0.0423659860049,0.0276402513528,0.0574017042261,0.168037941194,0.134379872717,0.223082625527,0.0568362910883,0.0142251495401,30,1
stale_priors,medium_stable,0.75,0.239166666667,0.197527777778,0.200666666667,0.15250572859,0.183901727132,0.15135050542,0.182815133576,0.562089151859,0.564406020402,0.563058268549,0.564362377239,0.231686854228,0.0969116689346,0.227322537985,0.552777777778,0.166666666667,0.313888888889,0.55,0.0211991584917,0.00434833830066,0.00367989674578,0.00371356286736,0.00265346254314,0.00306322295846,0.00276355217738,0.00306876154321,0.00106714934228,0.00103342596238,0.00103574585729,0.00101537592375,0.0198785679334,0.012783489177,0.0218610819847,0.129807508863,0.0791074087558,0.103628559027,0.0514167109111,0.0071600714934,30,1
stale_priors,medium_stable,1,0.239166666667,0.239166666667,0.239166666667,0.199575726617,0.199575726617,0.199575726617,0.199575726617,0.565538596716,0.565538596716,0.565538596716,0.565538596716,0,0,0,0,0,0,0,0,0.00434833830066,0.00434833830066,0.00434833830066,0.00307671387436,0.00307671387436,0.00307671387436,0.00307671387436,0.000990167662319,0.000990167662319,0.000990167662319,0.000990167662319,0,0,0,0,0,0,0,0,30,1
stale_priors,medium_volatile,0,0.236611111111,0,0.0416666666667,0,0.160241183959,0,0.157978236673,0.447369529007,0.513375733094,0.447369529007,0.519510559046,6.60062040876,0,7.2141030039,6.93888888889,0,4.16666666667,1,1.05835295992,0.00456171903397,0,0.00169138754468,0,0.00334816448658,0,0.00325388186059,0.00532233517076,0.00536850661898,0.00532233517076,0.00556806541689,0.107959805187,0,0.141918992938,0.258937722525,0,0.169138754468,0,0.129139520193,30,1
stale_priors,medium_volatile,0.25,0.236611111111,0.0585833333333,0.0766666666667,0.0369383444147,0.153016869987,0.0372766629496,0.154007756826,0.496116451626,0.536405258054,0.514824469739,0.540172395961,4.02888064283,1.87080181131,4.40559443358,4.30277777778,1.98888888889,1.80833333333,0.791666666667,0.231955195513,0.00456171903397,0.00158424051446,0.00210629113002,0.00109538415005,0.00271420374693,0.00157381563203,0.0024602541753,0.0046453333502,0.00439033020154,0.00454064291058,0.00439156740414,0.0870867671698,0.0441896882985,0.127515816964,0.163547602307,0.115783006331,0.175946174139,0.0416666666667,0.0512374738812,30,1
stale_priors,medium_volatile,0.5,0.236611111111,0.129861111111,0.138722222222,0.0871926684503,0.15958948357,0.087525614979,0.157029419496,0.541999647613,0.554747419823,0.548458196494,0.557022840148,1.27477722099,0.645854888072,1.50231925342,1.51666666667,0.763888888889,0.886111111111,0.666666666667,-0.0222625859061,0.00456171903397,0.00274881936032,0.00363477363745,0.00166478369909,0.0030229521987,0.00200996383302,0.00268844038085,0.00334922465328,0.00305633012638,0.00322776985548,0.00309400755173,0.0646546941522,0.0282895035168,0.0824444960356,0.142186896954,0.140645027782,0.223481227599,0.0420954944304,0.0364582023677,30,1
stale_priors,medium_volatile,0.75,0.236611111111,0.192694444444,0.197472222222,0.14267032055,0.177020145549,0.14310735429,0.175974852765,0.561862639637,0.562945148238,0.562492776595,0.563768175521,0.108250860113,0.0630136958285,0.190553588385,0.0944444444444,0.15,0.477777777778,0.608333333333,-0.0576082103576,0.00456171903397,0.00412347021313,0.00425115177341,0.00230497715215,0.00282006534742,0.00216397465272,0.00283025312548,0.0024634617059,0.00230547734672,0.00240243688116,0.00230389107494,0.0457108989222,0.0250330424432,0.0499858563,0.1199811962,0.0811397104884,0.135785246015,0.0558159605842,0.0249418711141,30,1
stale_priors,medium_volatile,1,0.236611111111,0.236611111111,0.236611111111,0.196120313574,0.196120313574,0.196120313574,0.196120313574,0.564794117978,0.564794117978,0.564794117978,0.564794117978,0,0,0,0,0,0,0,0,0.00456171903397,0.00456171903397,0.00456171903397,0.00285678519048,0.00285678519048,0.00285678519048,0.00285678519048,0.001814599625,0.001814599625,0.001814599625,0.001814599625,0,0,0,0,0,0,0,0,30,1
stale_priors,small_volatile,0,0.24925,0,0.071,0,0.160450309166,0,0.146034742854,0.437126555993,0.499612584305,0.437126555993,0.512247131399,6.24860283124,0,7.51205754064,6.7,0,7.1,1,1.64139158911,0.00621357200099,0,0.0025103235126,0,0.00526522159253,0,0.00506003592941,0.00459554329931,0.00473029790869,0.00459554329931,0.00433841797701,0.126867751271,0,0.19724274778,0.39617423312,0,0.25103235126,0,0.124324529383,30,1
stale_priors,small_volatile,0.25,0.24925,0.06925,0.09825,0.0331612095791,0.148123141224,0.0343030598128,0.145432341046,0.490868587872,0.529413700461,0.506081055962,0.535416941799,3.85451125891,1.52124680899,4.45483539275,4.225,1.55,2.9,0.75,0.397271021686,0.00621357200099,0.00209044762297,0.00374309709493,0.00250197053469,0.00444561661865,0.00334610572908,0.00483139233255,0.00376637841643,0.00373497120429,0.00384527624008,0.00364202612704,0.097275740947,0.0747516085924,0.159413865645,0.323937254461,0.250401975682,0.357714649008,0.0448496850922,0.0849781221667,30,1
stale_priors,small_volatile,0.5,0.24925,0.143416666667,0.158833333333,0.0860238149439,0.151967348148,0.0887471695612,0.151731513916,0.537305147242,0.550622736292,0.542344317698,0.553567266297,1.33175890501,0.503917045638,1.62621190554,1.91666666667,0.625,1.54166666667,0.625,0.00506237168937,0.00621357200099,0.00385156210535,0.00463887454973,0.00372538164826,0.0053055364026,0.00417208126602,0.00484120445417,0.00304095271063,0.0028349075168,0.00289206166564,0.00301716916624,0.073192948234,0.0704084627377,0.0896835930377,0.294180464331,0.214003303229,0.285945531078,0.0519034249086,0.0616508893942,30,1
stale_priors,small_volatile,0.75,0.24925,0.2095,0.212916666667,0.143080126607,0.171355356553,0.142320776985,0.1694501932,0.558813849711,0.560631390851,0.558826279053,0.561965608283,0.181754114042,0.00124293425458,0.315175857258,0.425,-0.108333333333,0.341666666667,0.466666666667,-0.0149456855957,0.00621357200099,0.00540114930298,0.00583302544343,0.00463365852072,0.00497761278122,0.00463655803988,0.00461484044303,0.00236755089738,0.00237403233886,0.00240389070833,0.00255942718456,0.0457320365256,0.0387778045465,0.0593962352473,0.185753358906,0.114773223011,0.206044902669,0.0490327906547,0.0335072243145,30,1
stale_priors,small_volatile,1,0.24925,0.24925,0.24925,0.188174626151,0.188174626151,0.188174626151,0.188174626151,0.564116699281,0.564116699281,0.564116699281,0.564116699281,0,0,0,0,0,0,0,0,0.00621357200099,0.00621357200099,0.00621357200099,0.00472369828887,0.00472369828887,0.00472369828887,0.00472369828887,0.00235037584753,0.00235037584753,0.00235037584753,0.00235037584753,0,0,0,0,0,0,0,0,30,1
specialist_queues,large_stable,0,0.0996666666667,0,0.03745,0,0.143980858196,,0.146605423594,0.438964853903,0.525822003622,,0.525567618299,8.68571497186,,8.66027643953,8.93083333333,,3.745,1,0.367414419378,0.00238130087762,0,0.00113045611789,0,0.00177454988523,,0.00181373034334,0.00094326506773,0.000756118548557,,0.000741818467943,0.0639572624176,,0.057145762586,0.115194010095,,0.113045611789,0,0.0278177633752,30,1
specialist_queues,large_stable,0.25,0.0996666666667,0.0207083333333,0.04295,0.0320157808643,0.146133233232,,0.148322502045,0.488068445001,0.528169985447,,0.528016187633,4.01015404457,,3.99477426314,4.155,,2.22416666667,0.983333333333,0.138771145442,0.00238130087762,0.000596214511141,0.00166705742546,0.000615776186295,0.00192688592948,,0.00182580767636,0.000857922739443,0.000766383843494,,0.000760447975267,0.0472635145065,,0.0493624766142,0.117048226626,,0.1746897222,0.0166666666667,0.0202461809853,30,1
specialist_queues,large_stable,0.5,0.0996666666667,0.046375,0.0603666666667,0.0763574587634,0.151012638988,,0.15187163781,0.521183520586,0.529651909675,,0.529597445577,0.846838908883,,0.841392499066,0.8325,,1.39916666667,0.933333333333,0.0314403500182,0.00238130087762,0.00148511532506,0.00202366506777,0.00110924634398,0.00207167186044,,0.00194224305996,0.000720939212203,0.000753445624448,,0.000776385199999,0.0275097507924,,0.0277538812796,0.0800336674846,,0.133866480772,0.0315621384316,0.0113214196208,30,1
specialist_queues,large_stable,0.75,0.0996666666667,0.076375,0.0814666666667,0.122877826529,0.156469259046,,0.157372696468,0.530884998338,0.529980239975,,0.529900045034,-0.090475836273,,-0.0984953303365,-0.0791666666667,,0.509166666667,0.783333333333,-0.00750140518651,0.00238130087762,0.00194484841179,0.00249147204483,0.00156350164106,0.00191629970388,,0.00188986809509,0.000732569594587,0.000745359439005,,0.000745307639639,0.0122910711436,,0.0140696943421,0.0578230969112,,0.103574639457,0.0619757708188,0.00440412152327,30,1
specialist_queues,large_stable,1,0.0996666666667,0.0996666666667,0.0996666666667,0.161429679228,0.161429679228,,0.161429679228,0.529199564023,0.529199564023,,0.529199564023,0,,0,0,,0,0,0,0.00238130087762,0.00238130087762,0.00238130087762,0.00193638373862,0.00193638373862,,0.00193638373862,0.000737649742811,0.000737649742811,,0.000737649742811,0,,0,0,,0,0,0,30,1
specialist_queues,medium_stable,0,0.120138888889,0,0.0726944444444,0,0.146853232555,0,0.148722787292,0.440287888898,0.520701983534,0.440287888898,0.525452389542,8.04140946359,0,8.51645006439,7.96944444444,0,7.26944444444,1,0.358955059044,0.00269456293929,0,0.00160403552648,0,0.00311188016841,0,0.00262604210044,0.00175608995048,0.00129051440424,0.00175608995048,0.00119166009043,0.0908049678325,0,0.0998224527462,0.198714070519,0,0.160403552648,0,0.0405333290374,30,1
specialist_queues,medium_stable,0.25,0.120138888889,0.0397777777778,0.0749444444444,0.0337670414851,0.151205760598,0.0364778592006,0.150528964364,0.488047398094,0.527097376328,0.507005554712,0.52790175445,3.90499782342,1.89581566176,3.9854356356,4.01666666667,2.05277777778,3.51666666667,0.983333333333,0.128136551942,0.00269456293929,0.00110216706697,0.00161704548497,0.00136237277753,0.00317229765455,0.00154669980863,0.00251747294227,0.00161583030192,0.00122955925651,0.00144500512504,0.00122273788426,0.0707652099079,0.0569704104314,0.0777545021413,0.177448209846,0.177406970807,0.175002280591,0.0115801388963,0.0280563075982,30,1
specialist_queues,medium_stable,0.5,0.120138888889,0.0714722222222,0.0886388888889,0.0791998512494,0.155957638023,0.0828760846554,0.155560022254,0.521562010961,0.528991392643,0.525613537578,0.529455783592,0.742938168206,0.405152661717,0.789377263174,0.816666666667,0.416666666667,1.71666666667,0.816666666667,0.0065528636091,0.00269456293929,0.00188412883436,0.00180396334158,0.00199374898841,0.00313432677038,0.00202605623007,0.00290187302531,0.00134788859172,0.0011789969642,0.0012663235743,0.00123594129315,0.0445140791794,0.0233457090733,0.0442649196316,0.159791131229,0.124375836315,0.140333483496,0.0291974386112,0.0144748564389,30,1
specialist_queues,medium_stable,0.75,0.120138888889,0.0989722222222,0.106861111111,0.126136897302,0.160412704542,0.127736422866,0.161221872865,0.530720562719,0.52944450469,0.529985739038,0.529579310546,-0.127605802888,-0.0734823681575,-0.114125217275,-0.166666666667,-0.0861111111111,0.788888888889,0.725,-0.0291817016052,0.00269456293929,0.00239454578374,0.00236705359922,0.00283400912958,0.00316915535872,0.00297872040687,0.00312563272002,0.00116367733367,0.00120417593926,0.00120066696035,0.00121954841884,0.0230155444089,0.0171032242221,0.0245788938191,0.118661113134,0.102373129074,0.0958704603523,0.0385625331834,0.0120735353931,30,1
specialist_queues,medium_stable,1,0.120138888889,0.120138888889,0.120138888889,0.16609541857,0.16609541857,0.16609541857,0.16609541857,0.528895712207,0.528895712207,0.528895712207,0.528895712207,0,0,0,0,0,0,0,0,0.00269456293929,0.00269456293929,0.00269456293929,0.00331749480098,0.00331749480098,0.00331749480098,0.00331749480098,0.00120413920918,0.00120413920918,0.00120413920918,0.00120413920918,0,0,0,0,0,0,0,0,30,1
specialist_queues,medium_volatile,0,0.129583333333,0,0.0818888888889,0,0.157479498029,0,0.152325635202,0.434315268739,0.505265487061,0.434315268739,0.519435776359,7.09502183221,0,8.51205076203,7.00277777778,0,8.18888888889,1,0.199533966007,0.00310849729417,0,0.00149495390766,0,0.0034146795178,0,0.00349008104081,0.00512778706512,0.00537458681299,0.00512778706512,0.00535018281244,0.0824049363657,0,0.127798312428,0.166114186468,0,0.149495390766,0,0.113061069252,30,1
specialist_queues,medium_volatile,0.25,0.129583333333,0.0439722222222,0.0865,0.0339879171362,0.156016956493,0.0406164211255,0.15359679035,0.482306461155,0.516023034612,0.499129752633,0.522134758719,3.37165734566,1.68232914782,3.98282975636,3.30277777778,1.6,4.25277777778,0.991666666667,0.00183097173072,0.00310849729417,0.000784674539968,0.00167497927019,0.00140758745653,0.00314184212884,0.00128511294652,0.00340358587096,0.00510738667691,0.00505590216136,0.005083459058,0.00502401537156,0.0760729206987,0.0431409202561,0.110372667361,0.171551189322,0.100239177572,0.180352081046,0.00833333333333,0.0778018495577,30,1
specialist_queues,medium_volatile,0.5,0.129583333333,0.077,0.0996111111111,0.0785212049522,0.156867910114,0.0853410883987,0.156010528443,0.51690295769,0.521452719398,0.519758055785,0.524585977819,0.454976170779,0.285509809556,0.768302012952,0.405555555556,0.105555555556,2.26111111111,0.925,-0.0732060579219,0.00310849729417,0.00166743277412,0.0024309537167,0.00201902693348,0.00254972553574,0.00198091425804,0.00293721071439,0.00463320161657,0.00467238185399,0.00468607504555,0.00472188051678,0.0686936421207,0.0493270507514,0.0793066604769,0.140738640167,0.112368365825,0.157189015352,0.0297257580165,0.0546371058033,30,1
specialist_queues,medium_volatile,0.75,0.129583333333,0.106888888889,0.116444444444,0.124469047414,0.158126581773,0.127136093229,0.158786854605,0.526875560179,0.524793025444,0.525740841321,0.525755480883,-0.208253473558,-0.113471885811,-0.112007929648,-0.161111111111,-0.0583333333333,0.955555555556,0.741666666667,-0.0293542966587,0.00310849729417,0.00248974054942,0.00319940061969,0.00236365395481,0.00250581014492,0.00234301250687,0.00266589797618,0.00436496663122,0.00428812471,0.00426715645868,0.00437492591919,0.0431106515406,0.0274679520273,0.0486043732185,0.0763274744415,0.066516833541,0.133520781392,0.0440143219464,0.0270081948264,30,1
specialist_queues,medium_volatile,1,0.129583333333,0.129583333333,0.129583333333,0.161482453381,0.161482453381,0.161482453381,0.161482453381,0.525853175503,0.525853175503,0.525853175503,0.525853175503,0,0,0,0,0,0,0,0,0.00310849729417,0.00310849729417,0.00310849729417,0.00257190691473,0.00257190691473,0.00257190691473,0.00257190691473,0.00405415355149,0.00405415355149,0.00405415355149,0.00405415355149,0,0,0,0,0,0,0,0,30,1
specialist_queues,small_volatile,0,0.159333333333,0,0.123,0,0.164529753318,0,0.153759595158,0.427634099586,0.49474513836,0.427634099586,0.518381834277,6.71110387737,0,9.07477346909,6.68333333333,0,12.3,1,0.302731492789,0.00453266137684,0,0.00304043629658,0,0.00594251709252,0,0.00484539498656,0.00699725064208,0.00718515153528,0.00699725064208,0.00713280117497,0.182581928904,0,0.226671243968,0.352726110194,0,0.304043629658,0,0.1673355928,30,1
specialist_queues,small_volatile,0.25,0.159333333333,0.0649166666667,0.127083333333,0.0343229587748,0.157873523811,0.0385358848833,0.154061051855,0.478929334874,0.514207673659,0.494028063907,0.522419195317,3.5278338785,1.5098729033,4.34898604423,3.43333333333,1.79166666667,6.21666666667,0.975,0.0276335031171,0.00453266137684,0.00183156916164,0.00312590982924,0.00262129636659,0.00540724238528,0.00232421164968,0.00511573460939,0.00683226349735,0.00653097010681,0.00681970067022,0.00686358881973,0.144164989978,0.109486012402,0.190326142466,0.297965643832,0.213443084197,0.236635095838,0.0139271503633,0.120400671632,30,1
specialist_queues,small_volatile,0.5,0.159333333333,0.106,0.138166666667,0.0793354849654,0.159474471729,0.0832690389219,0.157844363477,0.513587413245,0.520766410627,0.516594901036,0.52497313875,0.717899738272,0.300748779087,1.13857255049,0.658333333333,0.525,3.21666666667,0.8,-0.0362970612336,0.00453266137684,0.00327082189397,0.00371764458038,0.00434248217057,0.00538689816107,0.00398145969087,0.00487981737484,0.00653399330353,0.00624667094722,0.00643276091722,0.00647802212336,0.0976984433595,0.0711772516923,0.127623756783,0.270823386201,0.229113107639,0.244694664689,0.034740416689,0.0849674166184,30,1
specialist_queues,small_volatile,0.75,0.159333333333,0.136833333333,0.15075,0.130906835676,0.163099540581,0.128586611958,0.162409187539,0.526345257519,0.524512997581,0.525933357378,0.526649552853,-0.18322599385,-0.0411900141565,0.0304295333403,-0.208333333333,0.133333333333,1.39166666667,0.683333333333,-0.0772705945686,0.00453266137684,0.00410342815282,0.0044092868295,0.00480860902685,0.00514452072947,0.00446200965583,0.00509356546057,0.00624729898126,0.00608168549249,0.00633088035158,0.00608078977917,0.0677597417466,0.0467386384531,0.06577917132,0.175791859248,0.0979189593764,0.182842865352,0.0463205555853,0.0324216697388,30,1
specialist_queues,small_volatile,1,0.159333333333,0.159333333333,0.159333333333,0.165273461438,0.165273461438,0.165273461438,0.165273461438,0.525971681683,0.525971681683,0.525971681683,0.525971681683,0,0,0,0,0,0,0,0,0.00453266137684,0.00453266137684,0.00453266137684,0.00517789689973,0.00517789689973,0.00517789689973,0.00517789689973,0.00580986760897,0.00580986760897,0.00580986760897,0.00580986760897,0,0,0,0,0,0,0,0,30,1
